sample_id,scenario_id,cascade_step,random_seed,load_scale,generation_scale,capacity_scale,initial_outages,current_failed_lines,next_failed_lines,final_status,is_synthetic_stress,split
scenario-000001-step-00,scenario-000001,0,3324115917,1.457167606426566,0.9586738764728676,0.03591775378518639,[8],[8],[],STABLE,True,train
scenario-000002-step-00,scenario-000002,0,2811363265,0.9739861839095101,1.006712919708246,0.02396712789722961,[14],[14],[],STABLE,True,train
scenario-000003-step-00,scenario-000003,0,1884968545,1.340842665725893,1.096064398094446,0.032226976122207644,[5],[5],[],STABLE,True,train
scenario-000004-step-00,scenario-000004,0,1859786276,0.8697868595761603,0.9068118233138207,0.03268532333311576,[14],[14],[],STABLE,True,train
scenario-000005-step-00,scenario-000005,0,3687649986,1.4253599887424382,1.0874204638084242,0.018798957080256435,[6],[6],[0],NON_CONVERGED,True,train
scenario-000006-step-00,scenario-000006,0,369133709,1.0465389090822026,0.9780515008898294,0.028397316361887387,[1],[1],[],STABLE,True,validation
scenario-000007-step-00,scenario-000007,0,2995172878,1.3563963872986051,1.0176160883675105,0.012821475574147714,[1],[1],[0],TOTAL_BLACKOUT,True,train
scenario-000007-step-01,scenario-000007,1,2995172878,1.3563963872986051,1.0176160883675105,0.012821475574147714,[1],"[1, 0]",[],TOTAL_BLACKOUT,True,train
scenario-000008-step-00,scenario-000008,0,865305067,0.818732161103722,1.0881701719319063,0.036712094891125355,[8],[8],[],STABLE,True,test
scenario-000009-step-00,scenario-000009,0,404488629,0.8606286177733188,1.0906925575386484,0.03163332005403505,[2],[2],[],STABLE,True,train
scenario-000010-step-00,scenario-000010,0,2261209996,1.2689467401410872,1.0381109065115017,0.04975816642649656,[7],[7],[],STABLE,True,train
scenario-000011-step-00,scenario-000011,0,4190266093,1.027522580337014,1.0594980452815213,0.03210678314011782,[3],[3],[],STABLE,True,validation
scenario-000012-step-00,scenario-000012,0,3160032369,1.0243902154605269,1.0307163972583173,0.03982969372484096,"[3, 13]","[3, 13]",[],STABLE,True,test
scenario-000013-step-00,scenario-000013,0,3269070127,0.939567819247916,0.9632185752913824,0.03995426177900999,[8],[8],[],STABLE,True,test
scenario-000014-step-00,scenario-000014,0,3081541440,0.875321578822608,1.0695425342591325,0.026315020519415148,[7],[7],[],STABLE,True,test
scenario-000015-step-00,scenario-000015,0,3376120483,0.9084429430152918,0.9743673658970287,0.010129176479182177,[1],[1],[0],TOTAL_BLACKOUT,True,train
scenario-000015-step-01,scenario-000015,1,3376120483,0.9084429430152918,0.9743673658970287,0.010129176479182177,[1],"[1, 0]",[],TOTAL_BLACKOUT,True,train
scenario-000017-step-00,scenario-000017,0,550243862,1.1844317504934976,1.0119933483406176,0.032038575878288636,[1],[1],[],STABLE,True,train
scenario-000018-step-00,scenario-000018,0,3606691182,1.1875505078042565,1.0531162256506055,0.012890639040487888,[1],[1],[0],TOTAL_BLACKOUT,True,train
scenario-000018-step-01,scenario-000018,1,3606691182,1.1875505078042565,1.0531162256506055,0.012890639040487888,[1],"[1, 0]",[],TOTAL_BLACKOUT,True,train
scenario-000019-step-00,scenario-000019,0,1934392873,1.0762502068714312,0.9337040774276906,0.04056374744484618,"[0, 12]","[0, 12]",[],STABLE,True,test
scenario-000020-step-00,scenario-000020,0,2148995113,1.086692380672609,0.9064599077133869,0.040664765109009265,[11],[11],[],STABLE,True,train
scenario-000021-step-00,scenario-000021,0,1592565387,1.1172343897009063,1.0580040331231388,0.04962034801629377,[10],[10],[],STABLE,True,train
scenario-000022-step-00,scenario-000022,0,784044719,0.9790032758490287,1.0535731183900867,0.03930653133732844,[2],[2],[],STABLE,True,test
scenario-000023-step-00,scenario-000023,0,3980425318,1.2117214916228598,1.0347571426353412,0.010323662600349844,"[3, 8]","[3, 8]","[0, 1, 2, 6]",TOTAL_BLACKOUT,True,train
scenario-000023-step-01,scenario-000023,1,3980425318,1.2117214916228598,1.0347571426353412,0.010323662600349844,"[3, 8]","[3, 8, 0, 1, 2, 6]",[],TOTAL_BLACKOUT,True,train
scenario-000024-step-00,scenario-000024,0,3356806662,0.8006242105990247,0.9531471177724503,0.03041255994362813,[6],[6],[],STABLE,True,train
scenario-000025-step-00,scenario-000025,0,2765379633,0.8206882720730193,1.0828153056249588,0.021574502163663904,[12],[12],[],STABLE,True,train
scenario-000026-step-00,scenario-000026,0,1728356534,0.9443587533417064,1.060131212377263,0.010773211748031057,[10],[10],[0],TOTAL_BLACKOUT,True,train
scenario-000026-step-01,scenario-000026,1,1728356534,0.9443587533417064,1.060131212377263,0.010773211748031057,[10],"[10, 0]","[1, 6]",TOTAL_BLACKOUT,True,train
scenario-000026-step-02,scenario-000026,2,1728356534,0.9443587533417064,1.060131212377263,0.010773211748031057,[10],"[10, 0, 1, 6]",[],TOTAL_BLACKOUT,True,train
scenario-000027-step-00,scenario-000027,0,3533734221,1.3527506399395193,1.0140963416704802,0.04481311147127638,[6],[6],[],STABLE,True,train
scenario-000028-step-00,scenario-000028,0,2342600227,1.1141063064121812,0.9697631077536352,0.010622378181179632,[6],[6],[0],NON_CONVERGED,True,train
scenario-000029-step-00,scenario-000029,0,1904449482,1.4673299475311163,1.0020180501136162,0.01224896310818021,[13],[13],[0],NON_CONVERGED,True,train
scenario-000030-step-00,scenario-000030,0,1934709050,1.259886483466398,0.9883700589511993,0.025606744367217098,[5],[5],[],STABLE,True,validation
scenario-000031-step-00,scenario-000031,0,975982878,0.8017765983477642,1.0356953790287435,0.028216510367724688,[12],[12],[],STABLE,True,train
scenario-000032-step-00,scenario-000032,0,395720738,1.312574173070817,1.0331016034188287,0.02441384961546141,[4],[4],[],STABLE,True,train
scenario-000033-step-00,scenario-000033,0,2381923523,1.299174108337421,1.0375821166328985,0.01964735430586655,[12],[12],[0],NON_CONVERGED,True,train
scenario-000034-step-00,scenario-000034,0,3813457839,1.0497924011859054,0.9725757930127559,0.04374641950997888,[8],[8],[],STABLE,True,validation
scenario-000035-step-00,scenario-000035,0,274093027,0.8472145219345536,0.9283687871523125,0.028814646294552927,[4],[4],[],STABLE,True,test
scenario-000036-step-00,scenario-000036,0,3686333038,1.4287532556323967,0.9333988129534811,0.029667364534542915,[12],[12],[],STABLE,True,test
scenario-000037-step-00,scenario-000037,0,3554648816,1.349235914505761,1.025330894858407,0.033086917220769944,[14],[14],[],STABLE,True,train
scenario-000038-step-00,scenario-000038,0,1188673836,1.4359750867407632,1.0824822341217162,0.030075396819307057,[2],[2],[],STABLE,True,train
scenario-000039-step-00,scenario-000039,0,2712977936,1.1505535924569539,0.9234916326055211,0.0352298148600024,[13],[13],[],STABLE,True,train
scenario-000040-step-00,scenario-000040,0,709653493,1.280854547467616,1.0623801925518943,0.04066853940542116,[2],[2],[],STABLE,True,train
scenario-000041-step-00,scenario-000041,0,3255962051,0.8249563185044698,1.0054948393778111,0.013566257246227158,[5],[5],[],STABLE,True,test
scenario-000042-step-00,scenario-000042,0,3008723231,0.9820904483615235,0.9965957660852477,0.037861881629575406,[5],[5],[],STABLE,True,train
scenario-000043-step-00,scenario-000043,0,1522677438,1.1145096799987593,0.9683577663441965,0.0484098448927025,[2],[2],[],STABLE,True,train
scenario-000044-step-00,scenario-000044,0,291714185,1.0878608183755973,1.0267001331474197,0.04748188289485035,[14],[14],[],STABLE,True,validation
scenario-000045-step-00,scenario-000045,0,4169116269,1.3155279353189655,0.9963513017966935,0.045818467194578584,[4],[4],[],STABLE,True,train
scenario-000046-step-00,scenario-000046,0,1914213180,1.2062489884768712,0.9914541790122344,0.04569404087337892,[9],[9],[],STABLE,True,train
scenario-000047-step-00,scenario-000047,0,3835926007,1.3045326266589086,1.0646014267549657,0.017704927971189305,"[1, 10]","[1, 10]",[0],TOTAL_BLACKOUT,True,test
scenario-000047-step-01,scenario-000047,1,3835926007,1.3045326266589086,1.0646014267549657,0.017704927971189305,"[1, 10]","[1, 10, 0]",[],TOTAL_BLACKOUT,True,test
scenario-000048-step-00,scenario-000048,0,2911639984,1.1077144586005905,0.9989290071973277,0.048151946667301736,[5],[5],[],STABLE,True,train
scenario-000049-step-00,scenario-000049,0,3343131663,0.8219408877822149,0.9532734427021737,0.04956055718306356,[0],[0],[],STABLE,True,validation
scenario-000050-step-00,scenario-000050,0,3263743248,0.8313636394359185,1.0110649047127258,0.03391523418612575,"[1, 9]","[1, 9]",[],STABLE,True,train
scenario-000051-step-00,scenario-000051,0,835966884,1.2555393205744805,0.943315343460938,0.04128672833711435,[2],[2],[],STABLE,True,train
scenario-000052-step-00,scenario-000052,0,1562964503,1.1832440636768866,0.9189254410810483,0.03503095224557245,[6],[6],[],STABLE,True,train
scenario-000053-step-00,scenario-000053,0,2004551447,1.1260067732009493,1.0018842809022734,0.011020107572591144,[0],[0],"[1, 6]",TOTAL_BLACKOUT,True,test
scenario-000053-step-01,scenario-000053,1,2004551447,1.1260067732009493,1.0018842809022734,0.011020107572591144,[0],"[0, 1, 6]",[],TOTAL_BLACKOUT,True,test
scenario-000054-step-00,scenario-000054,0,2137998393,0.944133718706932,0.9115061339859885,0.031234682022189757,[9],[9],[],STABLE,True,validation
scenario-000055-step-00,scenario-000055,0,188135741,0.832855743744975,1.095867098209168,0.013043959729271437,[3],[3],[],STABLE,True,train
scenario-000056-step-00,scenario-000056,0,2347498144,1.3196660277180974,1.0288892323857137,0.040499618035289286,[3],[3],[],STABLE,True,train
scenario-000057-step-00,scenario-000057,0,662668322,1.0325664803922106,0.9819524839342905,0.02251563686074336,[13],[13],[],STABLE,True,train
scenario-000058-step-00,scenario-000058,0,3192775211,1.0467226104130771,0.9587376442929888,0.013007046475070014,[4],[4],[0],TOTAL_BLACKOUT,True,validation
scenario-000058-step-01,scenario-000058,1,3192775211,1.0467226104130771,0.9587376442929888,0.013007046475070014,[4],"[4, 0]","[1, 6]",TOTAL_BLACKOUT,True,validation
scenario-000058-step-02,scenario-000058,2,3192775211,1.0467226104130771,0.9587376442929888,0.013007046475070014,[4],"[4, 0, 1, 6]",[],TOTAL_BLACKOUT,True,validation
scenario-000059-step-00,scenario-000059,0,2933672915,1.496154453969788,0.9976532678352203,0.04842276401302918,[3],[3],[],STABLE,True,train
scenario-000060-step-00,scenario-000060,0,3962226900,1.1223588146675767,0.9336129664516308,0.036979740503870304,"[6, 12]","[6, 12]",[],STABLE,True,train
scenario-000061-step-00,scenario-000061,0,3198729102,1.2809594403052273,1.099009468277277,0.011615714550519067,[0],[0],"[1, 6]",TOTAL_BLACKOUT,True,train
scenario-000061-step-01,scenario-000061,1,3198729102,1.2809594403052273,1.099009468277277,0.011615714550519067,[0],"[0, 1, 6]",[],TOTAL_BLACKOUT,True,train
scenario-000062-step-00,scenario-000062,0,1574718219,1.2410255125865435,1.0330958280214315,0.045417979707478365,[11],[11],[],STABLE,True,train
scenario-000063-step-00,scenario-000063,0,4155422659,0.8848102310470154,0.9494764126682705,0.020898946396414306,[14],[14],[],STABLE,True,train
scenario-000064-step-00,scenario-000064,0,1764588834,1.1801629503453808,0.9120558766716608,0.036568082656759926,[0],[0],[],STABLE,True,test
scenario-000065-step-00,scenario-000065,0,1399409257,0.8314506328046523,0.9089524322209939,0.021673504478453124,[4],[4],[],STABLE,True,test
scenario-000066-step-00,scenario-000066,0,3889246498,0.8493431731525165,1.0444908339603662,0.017373090814524685,[8],[8],[],STABLE,True,test
scenario-000067-step-00,scenario-000067,0,1591112321,1.0447796106554241,1.0903437348451637,0.048993995835141226,[9],[9],[],STABLE,True,validation
scenario-000068-step-00,scenario-000068,0,327891487,1.4235971481165222,1.0403910250663537,0.03530677994918897,[5],[5],[],STABLE,True,train
scenario-000069-step-00,scenario-000069,0,2016726853,1.1904200592973762,1.0112854627870187,0.04559229487984045,"[2, 5]","[2, 5]",[],PARTIAL_BLACKOUT,True,train
scenario-000070-step-00,scenario-000070,0,3417419472,1.0125657319953572,1.0876582329259024,0.039904928927288134,[6],[6],[],STABLE,True,train
scenario-000071-step-00,scenario-000071,0,813773290,0.9881270215619757,1.0653735285902657,0.021496588083183936,"[3, 7]","[3, 7]",[],STABLE,True,train
scenario-000072-step-00,scenario-000072,0,1988314614,0.8701905688102192,0.9916409625823195,0.020717495696142535,[5],[5],[],STABLE,True,train
scenario-000073-step-00,scenario-000073,0,558008616,0.9971762771874956,1.0877462238499076,0.017430085134296086,[14],[14],[],STABLE,True,train
scenario-000074-step-00,scenario-000074,0,2948401465,1.4463365577048,0.9949409364749074,0.02626331284090716,[14],[14],[],STABLE,True,validation
scenario-000075-step-00,scenario-000075,0,2043137100,1.1894714745788746,0.9155349461716109,0.02512546891711905,"[3, 5]","[3, 5]",[],STABLE,True,train
scenario-000076-step-00,scenario-000076,0,1418182453,1.0151994214061604,1.0732601672878277,0.023157554409212314,[5],[5],[],STABLE,True,train
scenario-000077-step-00,scenario-000077,0,974568233,0.8965199290205474,1.0561685784600336,0.03677859165266451,[0],[0],[],STABLE,True,test
scenario-000078-step-00,scenario-000078,0,2424508583,1.4168043262881618,1.0904714965071283,0.02260515263533076,[6],[6],[0],NON_CONVERGED,True,train
scenario-000079-step-00,scenario-000079,0,2876829201,1.3169318371330228,1.0281416072315817,0.02138368867786536,[9],[9],[0],NON_CONVERGED,True,train
scenario-000080-step-00,scenario-000080,0,4038583930,0.8564586005064483,1.0268734637180563,0.026661335485782114,"[4, 6]","[4, 6]",[],STABLE,True,train
scenario-000081-step-00,scenario-000081,0,1877553194,1.0612383732342725,1.029985759635003,0.021361032058107812,"[3, 13]","[3, 13]",[],STABLE,True,train
scenario-000082-step-00,scenario-000082,0,690150401,0.8675777323391649,0.9110042072559136,0.023654679095466036,"[1, 10]","[1, 10]",[],STABLE,True,validation
scenario-000083-step-00,scenario-000083,0,3576325620,1.201452156403047,1.0116947642400793,0.01859695251989713,[10],[10],[0],TOTAL_BLACKOUT,True,train
scenario-000083-step-01,scenario-000083,1,3576325620,1.201452156403047,1.0116947642400793,0.01859695251989713,[10],"[10, 0]","[1, 6]",TOTAL_BLACKOUT,True,train
scenario-000083-step-02,scenario-000083,2,3576325620,1.201452156403047,1.0116947642400793,0.01859695251989713,[10],"[10, 0, 1, 6]",[],TOTAL_BLACKOUT,True,train
scenario-000084-step-00,scenario-000084,0,2704817079,1.139280522197494,1.087009029405457,0.04101239693440247,[3],[3],[],STABLE,True,train
scenario-000085-step-00,scenario-000085,0,3007615711,0.9856680474080672,0.9930615043482968,0.037081032598832664,[0],[0],[],STABLE,True,validation
scenario-000086-step-00,scenario-000086,0,417585215,0.913595391307268,0.9001426851315945,0.023371888350899248,[13],[13],[],STABLE,True,train
scenario-000087-step-00,scenario-000087,0,1341604509,0.9488705991467228,1.0032976448309818,0.023713809574975073,[7],[7],[],STABLE,True,train
scenario-000088-step-00,scenario-000088,0,3297864501,1.0903456771073574,1.006978897370932,0.023557404407053572,[9],[9],[],STABLE,True,validation
scenario-000089-step-00,scenario-000089,0,3574528628,0.8793284405868165,1.098265418636946,0.016865276990692728,[12],[12],[],STABLE,True,train
scenario-000090-step-00,scenario-000090,0,1869241354,1.4607633350006899,0.9788370029698081,0.03934886032389346,[10],[10],[],STABLE,True,validation
scenario-000091-step-00,scenario-000091,0,3456436596,1.4495718277097782,0.9003532146739568,0.026942624289556308,"[11, 14]","[11, 14]",[],PARTIAL_BLACKOUT,True,train
scenario-000092-step-00,scenario-000092,0,3615039050,1.4595733234685448,1.0630794371971581,0.0197461357132664,"[10, 13]","[10, 13]",[0],NON_CONVERGED,True,train
scenario-000093-step-00,scenario-000093,0,1664206965,1.4092117324089246,0.9404800662417053,0.02057190158734191,[7],[7],[0],NON_CONVERGED,True,train
scenario-000094-step-00,scenario-000094,0,3857256982,1.294669989580538,0.9823545011969781,0.03952281419808225,[8],[8],[],STABLE,True,train
scenario-000095-step-00,scenario-000095,0,1238359776,1.1641329379679475,1.084397997934018,0.010057738937562113,[8],[8],[0],TOTAL_BLACKOUT,True,train
scenario-000095-step-01,scenario-000095,1,1238359776,1.1641329379679475,1.084397997934018,0.010057738937562113,[8],"[8, 0]","[1, 6]",TOTAL_BLACKOUT,True,train
scenario-000095-step-02,scenario-000095,2,1238359776,1.1641329379679475,1.084397997934018,0.010057738937562113,[8],"[8, 0, 1, 6]",[],TOTAL_BLACKOUT,True,train
scenario-000096-step-00,scenario-000096,0,1028892849,1.1484348099727946,1.0412808436972445,0.03185115205528212,[0],[0],[],STABLE,True,train
scenario-000097-step-00,scenario-000097,0,2931295869,1.321078861149893,1.008953596745152,0.017929787917967392,[7],[7],[0],NON_CONVERGED,True,train
scenario-000098-step-00,scenario-000098,0,2734871217,1.1049447210366998,0.951926486005935,0.04978883515616465,[12],[12],[],STABLE,True,validation
scenario-000099-step-00,scenario-000099,0,600232346,1.1502580485621268,0.9344128127595603,0.042380399124297384,[9],[9],[],STABLE,True,train
