line_index,from_bus,to_bus,in_service_before,in_service_after,active_power_mw_before,active_power_mw_after,loading_percent_before,loading_percent_after,loading_change_percent
0,0,1,True,False,156.88289052765262,0.0,1.5075683619090723,0.0,-1.5075683619090723
1,0,4,True,True,75.51038182395986,260.9726165236384,0.7210969063235535,2.5130206230828533,1.7919237167592998
2,1,2,True,True,73.23757923676088,48.07987554696268,0.7093950191117895,0.4756381001002942,-0.23375691901149526
3,1,3,True,True,56.13149593765336,1.7930210820439143,0.5427761072353288,0.26012901425841145,-0.2826470929769173
4,1,4,True,True,41.516215017043336,-31.57289662900609,0.4029120670354359,0.5293396204697228,0.1264275534342869
5,2,3,True,True,-23.285690096364657,-47.15004687388144,0.23968630335356797,0.5417216947962181,0.3020353914426501
6,3,4,True,True,-61.158230441777185,-133.795612331441,0.627022208473818,1.5097047758497417,0.8826825673759238
7,5,10,True,True,7.353276982534637,10.91656441594769,0.07712568214608025,0.11019618436606841,0.03307050221998817
8,5,11,True,True,7.786067015260303,8.268683982815613,0.07720783487812431,0.08157330901010271,0.004365474131978395
9,5,12,True,True,17.74797686206574,19.603313242501944,0.18086530390573494,0.19832676991279494,0.01746146600706
10,8,9,True,True,5.227552469422612,1.7443330272845115,0.06426197584469101,0.040486104883213685,-0.023775870961477326
11,8,13,True,True,9.426381029986066,7.149218688858511,0.09655887605037959,0.0762949686813334,-0.020263907369046194
12,9,10,True,True,-3.785322381316189,-7.260777268643014,0.03955377043831314,0.07290787293295951,0.033354102494646376
13,11,12,True,True,1.6142577711129011,2.088524710247871,0.017055227725917096,0.021229805867310544,0.004174578141393447
14,12,13,True,True,5.643850979844762,7.927065779863682,0.056815344308259755,0.07870195937995811,0.021886615071698354
