scenario_id,is_synthetic_stress,stress_profile,load_scale,generation_scale,capacity_scale,initial_outages,cascade_length,failed_line_sequence,total_failed_lines,initial_load_mw,baseline_served_load_mw,final_served_load_mw,load_lost_mw,load_served_percent,final_converged,final_status,final_max_loading_percent
nominal-line-0,True,nominal,1.0,1.0,1.0,[0],0,[[0]],1,259.0,259.0,259.0,0.0,100.0,True,STABLE,2.513020623082839
nominal-line-1,True,nominal,1.0,1.0,1.0,[1],0,[[1]],1,259.0,259.0,259.0,0.0,100.0,True,STABLE,2.3151343474936956
nominal-line-2,True,nominal,1.0,1.0,1.0,[2],0,[[2]],1,259.0,259.0,259.0,0.0,100.0,True,STABLE,1.4236462376865138
nominal-line-3,True,nominal,1.0,1.0,1.0,[3],0,[[3]],1,259.0,259.0,259.0,0.0,100.0,True,STABLE,1.3667556845924815
nominal-line-4,True,nominal,1.0,1.0,1.0,[4],0,[[4]],1,259.0,259.0,259.0,0.0,100.0,True,STABLE,1.3638353058716581
nominal-line-5,True,nominal,1.0,1.0,1.0,[5],0,[[5]],1,259.0,259.0,259.0,0.0,100.0,True,STABLE,1.5623462107991155
nominal-line-6,True,nominal,1.0,1.0,1.0,[6],0,[[6]],1,259.0,259.0,259.0,0.0,100.0,True,STABLE,1.7133234081991804
nominal-line-7,True,nominal,1.0,1.0,1.0,[7],0,[[7]],1,259.0,259.0,259.0,0.0,100.0,True,STABLE,1.5117684190329208
nominal-line-8,True,nominal,1.0,1.0,1.0,[8],0,[[8]],1,259.0,259.0,259.0,0.0,100.0,True,STABLE,1.509471190778696
nominal-line-9,True,nominal,1.0,1.0,1.0,[9],0,[[9]],1,259.0,259.0,259.0,0.0,100.0,True,STABLE,1.516080709396476
nominal-line-10,True,nominal,1.0,1.0,1.0,[10],0,[[10]],1,259.0,259.0,259.0,0.0,100.0,True,STABLE,1.5060936592222591
nominal-line-11,True,nominal,1.0,1.0,1.0,[11],0,[[11]],1,259.0,259.0,259.0,0.0,100.0,True,STABLE,1.5074012918562123
nominal-line-12,True,nominal,1.0,1.0,1.0,[12],0,[[12]],1,259.0,259.0,259.0,0.0,100.0,True,STABLE,1.50946224111225
nominal-line-13,True,nominal,1.0,1.0,1.0,[13],0,[[13]],1,259.0,259.0,259.0,0.0,100.0,True,STABLE,1.5076961022896396
nominal-line-14,True,nominal,1.0,1.0,1.0,[14],0,[[14]],1,259.0,259.0,259.0,0.0,100.0,True,STABLE,1.5104243747171735
stressed-line-0,True,stressed,1.2,1.05,0.02,[0],1,"[[0], [1]]",2,310.79999999999995,310.79999999999995,0.0,310.79999999999995,0.0,True,TOTAL_BLACKOUT,
stressed-line-1,True,stressed,1.2,1.05,0.02,[1],1,"[[1], [0]]",2,310.79999999999995,310.79999999999995,0.0,310.79999999999995,0.0,True,TOTAL_BLACKOUT,
stressed-line-2,True,stressed,1.2,1.05,0.02,[2],0,[[2]],1,310.79999999999995,310.79999999999995,310.79999999999995,0.0,100.0,True,STABLE,90.93841298884368
stressed-line-3,True,stressed,1.2,1.05,0.02,[3],0,[[3]],1,310.79999999999995,310.79999999999995,310.79999999999995,0.0,100.0,True,STABLE,86.46115446604712
stressed-line-4,True,stressed,1.2,1.05,0.02,[4],0,[[4]],1,310.79999999999995,310.79999999999995,310.79999999999995,0.0,100.0,True,STABLE,86.18420561742633
stressed-line-5,True,stressed,1.2,1.05,0.02,[5],0,[[5]],1,310.79999999999995,310.79999999999995,310.79999999999995,0.0,100.0,True,STABLE,98.02367697288913
stressed-line-6,True,stressed,1.2,1.05,0.02,[6],1,"[[6], [0]]",2,310.79999999999995,310.79999999999995,,,,False,NON_CONVERGED,
stressed-line-7,True,stressed,1.2,1.05,0.02,[7],0,[[7]],1,310.79999999999995,310.79999999999995,310.79999999999995,0.0,100.0,True,STABLE,94.94519597902139
stressed-line-8,True,stressed,1.2,1.05,0.02,[8],0,[[8]],1,310.79999999999995,310.79999999999995,310.79999999999995,0.0,100.0,True,STABLE,94.79842325083082
stressed-line-9,True,stressed,1.2,1.05,0.02,[9],0,[[9]],1,310.79999999999995,310.79999999999995,310.79999999999995,0.0,100.0,True,STABLE,95.29121840394295
stressed-line-10,True,stressed,1.2,1.05,0.02,[10],0,[[10]],1,310.79999999999995,310.79999999999995,310.79999999999995,0.0,100.0,True,STABLE,94.58048141811844
stressed-line-11,True,stressed,1.2,1.05,0.02,[11],0,[[11]],1,310.79999999999995,310.79999999999995,310.79999999999995,0.0,100.0,True,STABLE,94.69728866754289
stressed-line-12,True,stressed,1.2,1.05,0.02,[12],0,[[12]],1,310.79999999999995,310.79999999999995,310.79999999999995,0.0,100.0,True,STABLE,94.78839297424082
stressed-line-13,True,stressed,1.2,1.05,0.02,[13],0,[[13]],1,310.79999999999995,310.79999999999995,310.79999999999995,0.0,100.0,True,STABLE,94.66720920294856
stressed-line-14,True,stressed,1.2,1.05,0.02,[14],0,[[14]],1,310.79999999999995,310.79999999999995,310.79999999999995,0.0,100.0,True,STABLE,94.85758732018405
severe-line-0,True,severe,1.4,1.1,0.012,[0],0,[[0]],1,362.59999999999997,362.59999999999997,,,,False,NON_CONVERGED,
severe-line-1,True,severe,1.4,1.1,0.012,[1],1,"[[1], [0, 2]]",3,362.59999999999997,362.59999999999997,0.0,362.59999999999997,0.0,True,TOTAL_BLACKOUT,
severe-line-2,True,severe,1.4,1.1,0.012,[2],1,"[[2], [0, 1, 3, 5, 6]]",6,362.59999999999997,362.59999999999997,0.0,362.59999999999997,0.0,True,TOTAL_BLACKOUT,
severe-line-3,True,severe,1.4,1.1,0.012,[3],1,"[[3], [0, 1, 2, 6]]",5,362.59999999999997,362.59999999999997,0.0,362.59999999999997,0.0,True,TOTAL_BLACKOUT,
severe-line-4,True,severe,1.4,1.1,0.012,[4],1,"[[4], [0, 1]]",3,362.59999999999997,362.59999999999997,0.0,362.59999999999997,0.0,True,TOTAL_BLACKOUT,
severe-line-5,True,severe,1.4,1.1,0.012,[5],2,"[[5], [0, 2], [1]]",4,362.59999999999997,362.59999999999997,0.0,362.59999999999997,0.0,True,TOTAL_BLACKOUT,
severe-line-6,True,severe,1.4,1.1,0.012,[6],1,"[[6], [0, 2, 3]]",4,362.59999999999997,362.59999999999997,,,,False,NON_CONVERGED,
severe-line-7,True,severe,1.4,1.1,0.012,[7],1,"[[7], [0]]",2,362.59999999999997,362.59999999999997,,,,False,NON_CONVERGED,
severe-line-8,True,severe,1.4,1.1,0.012,[8],1,"[[8], [0]]",2,362.59999999999997,362.59999999999997,,,,False,NON_CONVERGED,
severe-line-9,True,severe,1.4,1.1,0.012,[9],1,"[[9], [0]]",2,362.59999999999997,362.59999999999997,,,,False,NON_CONVERGED,
severe-line-10,True,severe,1.4,1.1,0.012,[10],1,"[[10], [0]]",2,362.59999999999997,362.59999999999997,,,,False,NON_CONVERGED,
severe-line-11,True,severe,1.4,1.1,0.012,[11],1,"[[11], [0]]",2,362.59999999999997,362.59999999999997,,,,False,NON_CONVERGED,
severe-line-12,True,severe,1.4,1.1,0.012,[12],1,"[[12], [0]]",2,362.59999999999997,362.59999999999997,,,,False,NON_CONVERGED,
severe-line-13,True,severe,1.4,1.1,0.012,[13],1,"[[13], [0]]",2,362.59999999999997,362.59999999999997,,,,False,NON_CONVERGED,
severe-line-14,True,severe,1.4,1.1,0.012,[14],1,"[[14], [0]]",2,362.59999999999997,362.59999999999997,,,,False,NON_CONVERGED,
