scenario_id,is_synthetic_stress,stress_profile,load_scale,generation_scale,capacity_scale,initial_outages,step,failed_lines,newly_failed_lines,max_line_loading_percent,overloaded_lines,min_bus_voltage_pu,served_load_mw,total_generation_mw,converged,error
nominal-line-0,True,nominal,1.0,1.0,1.0,[0],0,[0],[0],2.513020623082839,[],0.9934840566457718,259.0,300.97261652363704,True,
nominal-line-1,True,nominal,1.0,1.0,1.0,[1],0,[1],[1],2.3151343474936956,[],1.0064420707160548,259.0,280.00007008209775,True,
nominal-line-2,True,nominal,1.0,1.0,1.0,[2],0,[2],[2],1.4236462376865138,[],1.01,259.0,283.7381984276434,True,
nominal-line-3,True,nominal,1.0,1.0,1.0,[3],0,[3],[3],1.3667556845924815,[],1.0070956249341865,259.0,274.45503612364774,True,
nominal-line-4,True,nominal,1.0,1.0,1.0,[4],0,[4],[4],1.3638353058716581,[],1.0100000000000002,259.0,273.3499981596039,True,
nominal-line-5,True,nominal,1.0,1.0,1.0,[5],0,[5],[5],1.5623462107991155,[],1.01,259.0,272.67683676921047,True,
nominal-line-6,True,nominal,1.0,1.0,1.0,[6],0,[6],[6],1.7133234081991804,[],1.01,259.0,275.10037378597315,True,
nominal-line-7,True,nominal,1.0,1.0,1.0,[7],0,[7],[7],1.5117684190329208,[],1.0100000000000002,259.0,272.56013708378674,True,
nominal-line-8,True,nominal,1.0,1.0,1.0,[8],0,[8],[8],1.509471190778696,[],1.0100000000000002,259.0,272.6400730258517,True,
nominal-line-9,True,nominal,1.0,1.0,1.0,[9],0,[9],[9],1.516080709396476,[],0.9979794271455156,259.0,273.3824258412625,True,
nominal-line-10,True,nominal,1.0,1.0,1.0,[10],0,[10],[10],1.5060936592222591,[],1.01,259.0,272.5287070963177,True,
nominal-line-11,True,nominal,1.0,1.0,1.0,[11],0,[11],[11],1.5074012918562123,[],0.9968700798508598,259.0,272.90095074778117,True,
nominal-line-12,True,nominal,1.0,1.0,1.0,[12],0,[12],[12],1.50946224111225,[],1.01,259.0,272.4360978685079,True,
nominal-line-13,True,nominal,1.0,1.0,1.0,[13],0,[13],[13],1.5076961022896396,[],1.0099999999999998,259.0,272.4011928245932,True,
nominal-line-14,True,nominal,1.0,1.0,1.0,[14],0,[14],[14],1.5104243747171735,[],1.01,259.0,272.5262763961956,True,
stressed-line-0,True,stressed,1.2,1.05,0.02,[0],0,[0],[0],171.4308926409237,[1],0.9588374475185858,310.79999999999995,388.87077280487813,True,
stressed-line-0,True,stressed,1.2,1.05,0.02,[0],1,"[0, 1]",[1],,[],1.06,0.0,0.0,True,
stressed-line-1,True,stressed,1.2,1.05,0.02,[1],0,[1],[1],145.09225966645053,[0],0.9990747180197329,310.79999999999995,342.7398859541107,True,
stressed-line-1,True,stressed,1.2,1.05,0.02,[1],1,"[1, 0]",[0],,[],1.06,0.0,0.0,True,
stressed-line-2,True,stressed,1.2,1.05,0.02,[2],0,[2],[2],90.93841298884368,[],1.0009498783125734,310.79999999999995,348.8705108099103,True,
stressed-line-3,True,stressed,1.2,1.05,0.02,[3],0,[3],[3],86.46115446604712,[],0.9984667708871169,310.79999999999995,334.09423353918476,True,
stressed-line-4,True,stressed,1.2,1.05,0.02,[4],0,[4],[4],86.18420561742633,[],1.002401755982175,310.79999999999995,332.41953521958675,True,
stressed-line-5,True,stressed,1.2,1.05,0.02,[5],0,[5],[5],98.02367697288913,[],1.01,310.79999999999995,331.4104550894596,True,
stressed-line-6,True,stressed,1.2,1.05,0.02,[6],0,[6],[6],107.39695043933175,[0],1.0069408963369326,310.79999999999995,335.0337550793675,True,
stressed-line-6,True,stressed,1.2,1.05,0.02,[6],1,"[6, 0]",[0],,[],,,,False,Power Flow nr did not converge after 10 iterations!
stressed-line-7,True,stressed,1.2,1.05,0.02,[7],0,[7],[7],94.94519597902139,[],1.0093849365774747,310.79999999999995,331.24174833280756,True,
stressed-line-8,True,stressed,1.2,1.05,0.02,[8],0,[8],[8],94.79842325083082,[],1.01,310.79999999999995,331.3521257983188,True,
stressed-line-9,True,stressed,1.2,1.05,0.02,[9],0,[9],[9],95.29121840394295,[],0.9786083273028562,310.79999999999995,332.5263806087243,True,
stressed-line-10,True,stressed,1.2,1.05,0.02,[10],0,[10],[10],94.58048141811844,[],1.0099999999999998,310.79999999999995,331.1574879557312,True,
stressed-line-11,True,stressed,1.2,1.05,0.02,[11],0,[11],[11],94.69728866754289,[],0.9805180796127827,310.79999999999995,331.73559056845113,True,
stressed-line-12,True,stressed,1.2,1.05,0.02,[12],0,[12],[12],94.78839297424082,[],1.01,310.79999999999995,331.04406952506326,True,
stressed-line-13,True,stressed,1.2,1.05,0.02,[13],0,[13],[13],94.66720920294856,[],1.0100000000000002,310.79999999999995,330.98944005765577,True,
stressed-line-14,True,stressed,1.2,1.05,0.02,[14],0,[14],[14],94.85758732018405,[],0.9998611769428978,310.79999999999995,331.19299443371546,True,
severe-line-0,True,severe,1.4,1.1,0.012,[0],0,[0],[0],,[],,,,False,Power Flow nr did not converge after 10 iterations!
severe-line-1,True,severe,1.4,1.1,0.012,[1],0,[1],[1],292.6976437612032,"[0, 2]",0.9909087774700527,362.59999999999997,408.29587213053634,True,
severe-line-1,True,severe,1.4,1.1,0.012,[1],1,"[1, 0, 2]","[0, 2]",,[],1.06,0.0,0.0,True,
severe-line-2,True,severe,1.4,1.1,0.012,[2],0,[2],[2],186.92875900709947,"[0, 1, 3, 5, 6]",0.9882805170593127,362.59999999999997,418.1872350343534,True,
severe-line-2,True,severe,1.4,1.1,0.012,[2],1,"[2, 0, 1, 3, 5, 6]","[0, 1, 3, 5, 6]",,[],1.06,0.0,0.0,True,
severe-line-3,True,severe,1.4,1.1,0.012,[3],0,[3],[3],175.5730711863473,"[0, 1, 2, 6]",0.9887960428046225,362.59999999999997,395.73414188203026,True,
severe-line-3,True,severe,1.4,1.1,0.012,[3],1,"[3, 0, 1, 2, 6]","[0, 1, 2, 6]",,[],1.06,0.0,0.0,True,
severe-line-4,True,severe,1.4,1.1,0.012,[4],0,[4],[4],174.78052481078527,"[0, 1]",0.9933920925967211,362.59999999999997,393.3199932803864,True,
severe-line-4,True,severe,1.4,1.1,0.012,[4],1,"[4, 0, 1]","[0, 1]",,[],1.06,0.0,0.0,True,
severe-line-5,True,severe,1.4,1.1,0.012,[5],0,[5],[5],197.60863428339292,"[0, 2]",1.0048899700141676,362.59999999999997,391.8287680659087,True,
severe-line-5,True,severe,1.4,1.1,0.012,[5],1,"[5, 0, 2]","[0, 2]",170.22894770749085,[1],0.9939677888052306,230.71999999999997,256.9626931135424,True,
severe-line-5,True,severe,1.4,1.1,0.012,[5],2,"[5, 0, 2, 1]",[1],,[],1.06,0.0,0.0,True,
severe-line-6,True,severe,1.4,1.1,0.012,[6],0,[6],[6],216.46035039043193,"[0, 2, 3]",0.999265248061787,362.59999999999997,396.97565183485335,True,
severe-line-6,True,severe,1.4,1.1,0.012,[6],1,"[6, 0, 2, 3]","[0, 2, 3]",,[],,,,False,Power Flow nr did not converge after 10 iterations!
severe-line-7,True,severe,1.4,1.1,0.012,[7],0,[7],[7],191.57102912149563,[0],0.9976474423408985,362.59999999999997,391.6230194721912,True,
severe-line-7,True,severe,1.4,1.1,0.012,[7],1,"[7, 0]",[0],,[],,,,False,Power Flow nr did not converge after 10 iterations!
severe-line-8,True,severe,1.4,1.1,0.012,[8],0,[8],[8],191.26627950694333,[0],1.0045398319112793,362.59999999999997,391.76433257887237,True,
severe-line-8,True,severe,1.4,1.1,0.012,[8],1,"[8, 0]",[0],,[],,,,False,Power Flow nr did not converge after 10 iterations!
severe-line-9,True,severe,1.4,1.1,0.012,[9],0,[9],[9],192.44664268700683,[0],0.9580924118549521,362.59999999999997,393.52639216315396,True,
severe-line-9,True,severe,1.4,1.1,0.012,[9],1,"[9, 0]",[0],,[],,,,False,Power Flow nr did not converge after 10 iterations!
severe-line-10,True,severe,1.4,1.1,0.012,[10],0,[10],[10],190.80535121109335,[0],1.00621485118868,362.59999999999997,391.4536745719501,True,
severe-line-10,True,severe,1.4,1.1,0.012,[10],1,"[10, 0]",[0],,[],,,,False,Power Flow nr did not converge after 10 iterations!
severe-line-11,True,severe,1.4,1.1,0.012,[11],0,[11],[11],191.12004014779598,[0],0.9634342755363584,362.59999999999997,392.30369110644796,True,
severe-line-11,True,severe,1.4,1.1,0.012,[11],1,"[11, 0]",[0],,[],,,,False,Power Flow nr did not converge after 10 iterations!
severe-line-12,True,severe,1.4,1.1,0.012,[12],0,[12],[12],191.22460734379905,[0],1.0031427414999718,362.59999999999997,391.325688968956,True,
severe-line-12,True,severe,1.4,1.1,0.012,[12],1,"[12, 0]",[0],,[],,,,False,Power Flow nr did not converge after 10 iterations!
severe-line-13,True,severe,1.4,1.1,0.012,[13],0,[13],[13],190.95748500211243,[0],1.0048430242804125,362.59999999999997,391.24266811851294,True,
severe-line-13,True,severe,1.4,1.1,0.012,[13],1,"[13, 0]",[0],,[],,,,False,Power Flow nr did not converge after 10 iterations!
severe-line-14,True,severe,1.4,1.1,0.012,[14],0,[14],[14],191.38855143460876,[0],0.9793734823124512,362.59999999999997,391.5584871713963,True,
severe-line-14,True,severe,1.4,1.1,0.012,[14],1,"[14, 0]",[0],,[],,,,False,Power Flow nr did not converge after 10 iterations!
