model,line_index,line_position,precision,recall,f1,positive_support
MLP,0,0,0.9948805460750854,0.9914965986394558,0.9931856899488927,588
MLP,1,1,0.9958592132505176,0.9600798403193613,0.9776422764227642,501
MLP,2,2,0.9567901234567902,1.0,0.9779179810725552,310
MLP,3,3,0.9568627450980393,0.9959183673469387,0.9759999999999999,245
MLP,4,4,0.9447236180904522,0.9690721649484536,0.9567430025445293,194
MLP,5,5,0.8823529411764706,0.96,0.9195402298850575,125
MLP,6,6,0.9950248756218906,0.9569377990430622,0.975609756097561,418
MLP,7,7,0.8333333333333334,0.9574468085106383,0.8910891089108911,47
MLP,8,8,0.8863636363636364,1.0,0.9397590361445783,39
MLP,9,9,0.8977272727272727,0.9753086419753086,0.9349112426035502,81
MLP,10,10,0.7272727272727273,0.9411764705882353,0.8205128205128205,34
MLP,11,11,0.8269230769230769,0.9555555555555556,0.88659793814433,45
MLP,12,12,0.7674418604651163,1.0,0.868421052631579,33
MLP,13,13,0.48484848484848486,1.0,0.653061224489796,16
MLP,14,14,0.6222222222222222,0.875,0.7272727272727274,32
GCN,0,0,0.99830220713073,1.0,0.9991503823279524,588
GCN,1,1,1.0,0.9960079840319361,0.9980000000000001,501
GCN,2,2,1.0,0.9967741935483871,0.9983844911147012,310
GCN,3,3,1.0,0.9959183673469387,0.9979550102249488,245
GCN,4,4,0.9948453608247423,0.9948453608247423,0.9948453608247423,194
GCN,5,5,0.9615384615384616,1.0,0.9803921568627451,125
GCN,6,6,0.9975961538461539,0.992822966507177,0.9952038369304557,418
GCN,7,7,0.9791666666666666,1.0,0.9894736842105264,47
GCN,8,8,1.0,1.0,1.0,39
GCN,9,9,1.0,1.0,1.0,81
GCN,10,10,1.0,1.0,1.0,34
GCN,11,11,1.0,1.0,1.0,45
GCN,12,12,1.0,1.0,1.0,33
GCN,13,13,1.0,1.0,1.0,16
GCN,14,14,0.9411764705882353,1.0,0.9696969696969697,32
GAT,0,0,1.0,0.9931972789115646,0.9965870307167235,588
GAT,1,1,1.0,0.9940119760479041,0.996996996996997,501
GAT,2,2,0.9967845659163987,1.0,0.998389694041868,310
GAT,3,3,1.0,1.0,1.0,245
GAT,4,4,0.9897959183673469,1.0,0.9948717948717948,194
GAT,5,5,0.9689922480620154,1.0,0.9842519685039369,125
GAT,6,6,0.9881796690307328,1.0,0.9940546967895363,418
GAT,7,7,0.9791666666666666,1.0,0.9894736842105264,47
GAT,8,8,0.975,1.0,0.9873417721518987,39
GAT,9,9,1.0,1.0,1.0,81
GAT,10,10,1.0,1.0,1.0,34
GAT,11,11,1.0,1.0,1.0,45
GAT,12,12,1.0,1.0,1.0,33
GAT,13,13,1.0,1.0,1.0,16
GAT,14,14,0.9696969696969697,1.0,0.9846153846153847,32
