model,epoch,train_loss,validation_loss
mlp,1,0.1972281097180338,0.18818805095362307
mlp,2,0.1493944420130944,0.14248915561468506
mlp,3,0.130659190209714,0.12505438115757778
mlp,4,0.11965612261379518,0.1150680149398429
mlp,5,0.10763946638785331,0.10407932688155572
mlp,6,0.0996980234121966,0.09596065222952734
mlp,7,0.0962260623398102,0.09400442594314175
mlp,8,0.0965000217707073,0.09358154799875588
mlp,9,0.09179231957598247,0.09050298314465345
mlp,10,0.08856364733944595,0.0840964292977793
mlp,11,0.07806822721288993,0.07540449435031105
mlp,12,0.079764631717677,0.07773203968920454
mlp,13,0.08509980578294031,0.08239197972933235
mlp,14,0.07709499004882064,0.07488415616413256
mlp,15,0.07855362561915666,0.0771346729995853
mlp,16,0.06634166581978586,0.06696306706735251
mlp,17,0.08205946104926469,0.07907100196668591
mlp,18,0.06674168313469142,0.06754636145762255
mlp,19,0.06451815841310973,0.06598631288007532
mlp,20,0.06375348220388907,0.06514420437576988
mlp,21,0.060980904271002154,0.062210816297919004
mlp,22,0.06016671566050292,0.061160884312218076
mlp,23,0.062245865634826036,0.06408955236594478
mlp,24,0.05999658191154216,0.0618086595947144
mlp,25,0.05552279344306338,0.05706655268149519
mlp,26,0.05768731775835544,0.05869620617118246
mlp,27,0.06377307848582481,0.06407363321200156
mlp,28,0.05828057415921892,0.05944798690346953
mlp,29,0.05932361238535674,0.05875280695379106
mlp,30,0.05628077642542057,0.057777461729242405
mlp,31,0.052914822350868945,0.056271334146981676
mlp,32,0.05094878319166185,0.05329505025598476
mlp,33,0.047260191700106216,0.05272790581231878
mlp,34,0.05263233099478993,0.05410457435502362
mlp,35,0.05158233990456535,0.05682864059448893
mlp,36,0.051569090043108036,0.05431275173391522
mlp,37,0.0474058784461376,0.050767664265238245
mlp,38,0.04484825065975739,0.05283251547573533
mlp,39,0.04612826521539555,0.05094696890364565
mlp,40,0.04955534298859232,0.052996992084005844
mlp,41,0.04772615637228613,0.0521600958376635
mlp,42,0.04672450149688025,0.05162843966051062
mlp,43,0.0725652348164289,0.07242262196481879
mlp,44,0.04358846809895065,0.04787521453073698
mlp,45,0.044486758441951636,0.047706086144085065
mlp,46,0.0404837631830274,0.0445766304562435
mlp,47,0.04180235851846885,0.04504382453533588
mlp,48,0.042698685444586784,0.04723581891903326
mlp,49,0.039183001523235034,0.043610554485801624
mlp,50,0.04120265692610944,0.046179316254360614
mlp,51,0.041704824803168554,0.04781079295727883
mlp,52,0.04523010780300848,0.050301005464113265
mlp,53,0.04120500497582289,0.04652227039257062
mlp,54,0.045108674243646486,0.04885960966450293
mlp,55,0.04185723133772944,0.04506670527343129
mlp,56,0.042684550939273216,0.049607728703244806
mlp,57,0.03759104410082545,0.04471426365686146
mlp,58,0.03899735748296998,0.04765215238218296
mlp,59,0.044700369703060634,0.04769420208813468
mlp,60,0.04098224015477145,0.04599902947594654
mlp,61,0.04744498618237924,0.05188602677928881
gcn,1,0.43703241576492563,0.4366355537961645
gcn,2,0.3211741693689034,0.3227368080315128
gcn,3,0.2799344786613847,0.2831177684042659
gcn,4,0.25656162654821757,0.2580287121083857
gcn,5,0.2091124725319639,0.2123385787742037
gcn,6,0.17710071185707602,0.18116764899084056
gcn,7,0.14567030032106493,0.15204367817139397
gcn,8,0.13448479577622005,0.13705779412840105
gcn,9,0.10267559003098746,0.10651122240951898
gcn,10,0.09081735022892296,0.09410682493391337
gcn,11,0.07233008531500416,0.07389109059253461
gcn,12,0.06383312087686088,0.06472166053859306
gcn,13,0.057295843403246324,0.05756406721342634
gcn,14,0.048288877353792295,0.049509335723470535
gcn,15,0.04383490294273458,0.044927125601009005
gcn,16,0.04001827302143033,0.041621159096369154
gcn,17,0.03625530311997052,0.03720533895582001
gcn,18,0.03311795006121845,0.03353350326205422
gcn,19,0.03015791825728567,0.03145390767273766
gcn,20,0.028976577389639106,0.030742012292126353
gcn,21,0.027294705853863278,0.028312916234694674
gcn,22,0.02462929633470273,0.026144523947343415
gcn,23,0.024617621799771672,0.026876102774664453
gcn,24,0.02655538830947699,0.02963849224943012
gcn,25,0.020441219900149618,0.02134762253449648
gcn,26,0.022800949287071104,0.025501500047733158
gcn,27,0.019225040516473325,0.020934468633298335
gcn,28,0.02308066552896122,0.02325536467079048
gcn,29,0.017482744374876794,0.01921462679553731
gcn,30,0.016394116061853876,0.018373647406138227
gcn,31,0.01832272769613226,0.020598956330401104
gcn,32,0.014136381346496951,0.015640081870807957
gcn,33,0.014310110357891228,0.015383752621964413
gcn,34,0.016310824661837635,0.0183516303903206
gcn,35,0.014054169782600106,0.015010249147910782
gcn,36,0.014396410520191973,0.016146731430138644
gcn,37,0.016331767290553637,0.018523891597457667
gcn,38,0.012757022946962194,0.013734081674285874
gcn,39,0.011608635422645558,0.013326757208864734
gcn,40,0.01748547451657184,0.017365169505579817
gcn,41,0.01375720576642836,0.014700224656753984
gcn,42,0.011584356232203516,0.012538321405816899
gcn,43,0.014230179283421723,0.01455557411206228
gcn,44,0.010281380151561203,0.011712605578349687
gcn,45,0.011630698147482589,0.013944082300078332
gcn,46,0.009544413359801123,0.01071989861994189
gcn,47,0.008928368793052645,0.009935438186362243
gcn,48,0.010363995692896965,0.011357004379746878
gcn,49,0.008679673002416538,0.010467955768286246
gcn,50,0.012383527680677553,0.01417878320844689
gcn,51,0.009079225414456821,0.010771700860818119
gcn,52,0.010144485391150176,0.012565203319147412
gcn,53,0.00924423308315995,0.011149090845938289
gcn,54,0.007614901015936608,0.008774815398836342
gcn,55,0.007718643395759886,0.00917292905477159
gcn,56,0.011804624591524744,0.012221237596907077
gcn,57,0.00873315049051463,0.010633271550289565
gcn,58,0.0063128351814851,0.007830130990904642
gcn,59,0.007036406522180511,0.008361525666845344
gcn,60,0.013474004673208959,0.013597121343745928
gcn,61,0.008746425716975032,0.010345673978221977
gcn,62,0.009675039913103705,0.011887757446220473
gcn,63,0.006725551305567243,0.008205101844990603
gcn,64,0.007064738754065341,0.009033685787688905
gcn,65,0.00733980882428171,0.009403353523320708
gcn,66,0.006778909569107633,0.008299700653124575
gcn,67,0.0062843233940700505,0.0074904223009537385
gcn,68,0.00652313022524617,0.008657221908529897
gcn,69,0.006008989109093372,0.007577066352313936
gcn,70,0.005858183480889214,0.007630357228150899
gcn,71,0.005686135572315536,0.007134449908682647
gcn,72,0.006292696901264714,0.007489824906121152
gcn,73,0.00857216324304061,0.011225649852897732
gcn,74,0.0074355285264357755,0.0086613828005043
gcn,75,0.005027755534477172,0.006559603964137409
gcn,76,0.005031902026592799,0.006477265175632716
gcn,77,0.004668561100672418,0.005807460355604166
gcn,78,0.006321342015555856,0.009092916711011208
gcn,79,0.0057270682957603295,0.007136758313022584
gcn,80,0.00590560035321768,0.007488595671179268
gat,1,0.5215805658664845,0.5180956139489703
gat,2,0.36270149711782607,0.36275417259087506
gat,3,0.31781247924694783,0.3193285668123956
gat,4,0.2733313991123859,0.27457547458180953
gat,5,0.25220327203380133,0.25332430027435454
gat,6,0.21681320756341446,0.21887665354782693
gat,7,0.18478547842750762,0.19016717650799275
gat,8,0.15515048123868425,0.160059227207917
gat,9,0.14534624292061674,0.1529374872861585
gat,10,0.1163634157191865,0.11973107900943145
gat,11,0.09757080126429137,0.1016323123772668
gat,12,0.08323206998158565,0.08592320168022406
gat,13,0.07133910225448112,0.07271913120886477
gat,14,0.06203830238777909,0.06380865370694644
gat,15,0.05428807474866676,0.05634969973995123
gat,16,0.049285429977572986,0.05002948977205633
gat,17,0.04319692563445595,0.04553016028678271
gat,18,0.039736372931794606,0.04117329819140623
gat,19,0.03656700587294802,0.03724170204551858
gat,20,0.034636321627019066,0.0364777265754395
gat,21,0.03355387377293026,0.03417416397446581
gat,22,0.030206318155872776,0.030634668585812572
gat,23,0.028434139631106952,0.03039339259216031
gat,24,0.028640269092578427,0.0307655081376535
gat,25,0.02659952373032676,0.02713284159706852
gat,26,0.0249792176864515,0.026405751209650163
gat,27,0.02168691988965171,0.02292622845253995
gat,28,0.023373792481757562,0.023224925110307184
gat,29,0.020319042438745057,0.021769009150645988
gat,30,0.01924217438498394,0.02026929028362727
gat,31,0.026375291059312987,0.028406068357406503
gat,32,0.01735150231678579,0.0182289929557363
gat,33,0.016107936295434888,0.017877717445239853
gat,34,0.015958538007642034,0.01705340088674186
gat,35,0.016201516217777167,0.016943833489596112
gat,36,0.01751427991405739,0.019868211424306014
gat,37,0.014323618285510287,0.01514030919800351
gat,38,0.013194331243551133,0.013948782749275841
gat,39,0.012851863678780186,0.01444876359808697
gat,40,0.018289694011083296,0.019381243647247717
gat,41,0.011537661163281775,0.013024183911351439
gat,42,0.010712133789068039,0.012058905278183875
gat,43,0.015296745232469143,0.0159690373889736
gat,44,0.012334412995130377,0.013688735952308607
gat,45,0.010969469221758909,0.01203122826376968
gat,46,0.0099217525959278,0.011165539546657511
gat,47,0.010210974238826772,0.01092341887011189
gat,48,0.016047442204467813,0.016738842320876225
gat,49,0.008863815422062537,0.010257852788808747
gat,50,0.010168081558271412,0.012415788858102338
gat,51,0.008260537870193669,0.009887519202958717
gat,52,0.011083041429900492,0.012152914030256326
gat,53,0.00831752907782516,0.009653713130093552
gat,54,0.013405282102515714,0.014505574521627708
gat,55,0.008330731796495423,0.009682375363723501
gat,56,0.007847601673271521,0.00871602120100283
gat,57,0.00916337257950501,0.010715419199764932
gat,58,0.010505153779494385,0.011464096866243126
gat,59,0.007614702985632375,0.008918509097251467
gat,60,0.010962091296007614,0.011938458176439
gat,61,0.009450433230179892,0.01098088198627306
gat,62,0.007844433519421457,0.010124824323664745
gat,63,0.007753781669056493,0.008892767789480144
gat,64,0.00732618396831711,0.00936875688953968
gat,65,0.006321241831767016,0.007895878016171115
gat,66,0.008583204654187352,0.012058910596759998
gat,67,0.0066734475883409436,0.008167843291812957
gat,68,0.006407443563519634,0.007801295114848839
gat,69,0.007963377082396686,0.00907448599417408
gat,70,0.006135895345844744,0.007411277691590997
gat,71,0.008996426632080822,0.01081628386772366
gat,72,0.005228730645783758,0.006736725478243759
gat,73,0.004865449687646058,0.006931821687977969
gat,74,0.005117564325733283,0.007257566624988089
gat,75,0.005494143618703526,0.007091357215786655
gat,76,0.004952981043087672,0.006530870827064833
gat,77,0.006081661302014254,0.007253422890376874
gat,78,0.012424912961774599,0.018644492003411096
gat,79,0.005253410958676326,0.006487329097243603
gat,80,0.008164592899008201,0.010647110836669336
