line_index,initial_outage_count,secondary_failure_count,positive_samples_containing_line,percentage_positive_samples_containing_line
0,410,3976,3976,73.93082930457419
1,388,3261,3261,60.63592413536631
2,405,2024,2024,37.63480847898847
3,398,1622,1622,30.15991074748977
4,414,1273,1273,23.67050948307921
5,401,827,827,15.37746374116772
6,391,2780,2780,51.69207883971737
7,404,266,266,4.946076608404612
8,416,241,241,4.481219784306433
9,401,548,548,10.189661584232056
10,409,192,192,3.5701004090740054
11,374,267,267,4.964670881368538
12,368,185,185,3.4399404983265156
13,407,91,91,1.692078839717367
14,405,203,203,3.7746374116772032
