model,capacity_scale_range,minimum_capacity_scale,maximum_capacity_scale,precision,recall,f1,micro_precision,micro_recall,micro_f1,macro_f1,pr_auc_average_precision,roc_auc,exact_match_accuracy,average_predicted_failures_per_sample,average_true_failures_per_sample,threshold,sample_count
MLP,extreme,8.630049342100503e-06,0.0049963489995493,0.9277258566978193,0.984137475214805,0.9550994227068633,0.9277258566978193,0.984137475214805,0.9550994227068633,0.9047949203659772,0.9897711498125676,0.9976699332164595,0.7864077669902912,3.895631067961165,3.6723300970873787,0.76,412
MLP,high,0.0050170728442657,0.0124560721382734,0.9724770642201835,0.9571106094808126,0.9647326507394768,0.9724770642201835,0.9571106094808126,0.9647326507394768,0.44655305459012645,0.9958330894514053,0.9995346804513112,0.9098497495826378,1.4557595993322203,1.4791318864774625,0.76,599
MLP,moderate,0.0125004311416943,0.0199425124177073,0.977491961414791,0.9838187702265372,0.9806451612903226,0.977491961414791,0.9838187702265372,0.9806451612903226,0.36776345581366743,0.9985039475432336,0.9999242983402411,0.974477958236659,0.7215777262180975,0.7169373549883991,0.76,431
GCN,extreme,8.630049342100503e-06,0.0049963489995493,0.9967061923583662,1.0,0.9983503794127351,0.9967061923583662,1.0,0.9983503794127351,0.9966113769271663,0.9999947662757005,0.9999983005651613,0.9878640776699029,3.6844660194174756,3.6723300970873787,0.72,412
GCN,high,0.0050170728442657,0.0124560721382734,0.9988623435722411,0.9909706546275395,0.994900849858357,0.9988623435722411,0.9909706546275395,0.994900849858357,0.4633519068720745,0.9999502765384094,0.999994565000779,0.9849749582637729,1.4674457429048413,1.4791318864774625,0.72,599
GCN,moderate,0.0125004311416943,0.0199425124177073,0.9840764331210191,1.0,0.9919743178170145,0.9840764331210191,1.0,0.9919743178170145,0.38108631052540776,0.9997792272173607,0.9999889601746185,0.988399071925754,0.728538283062645,0.7169373549883991,0.72,431
GAT,extreme,8.630049342100503e-06,0.0049963489995493,0.9967061923583662,1.0,0.9983503794127351,0.9967061923583662,1.0,0.9983503794127351,0.9967620560651873,0.999993877863695,0.9999980173260214,0.9878640776699029,3.6844660194174756,3.6723300970873787,0.8200000000000001,412
GAT,high,0.0050170728442657,0.0124560721382734,0.9932508436445444,0.9966139954853274,0.9949295774647888,0.9932508436445444,0.9966139954853274,0.9949295774647888,0.46382940698167585,0.9999071323479277,0.99998982679633,0.9849749582637729,1.4841402337228715,1.4791318864774625,0.8200000000000001,599
GAT,moderate,0.0125004311416943,0.0199425124177073,0.9870550161812298,0.9870550161812298,0.9870550161812298,0.9870550161812298,0.9870550161812298,0.9870550161812298,0.3847495361781076,0.9995932552903417,0.9999794974671486,0.9814385150812065,0.7169373549883991,0.7169373549883991,0.8200000000000001,431
